{"cameraMode":{"drawMode":0,"name":"Shaded","section":"Shading Mode"},"sceneLighting":true,"audioPlay":false,"sceneViewState":{"m_AlwaysRefresh":true,"showFog":false,"showSkybox":true,"showFlares":true,"showImageEffects":true,"showParticleSystems":true,"showVisualEffectGraphs":true,"m_FxEnabled":true},"in2DMode":false,"pivot":{"x":13.506021499633789,"y":7.413473129272461,"z":-1.6113519668579102},"rotation":{"x":0.6591914892196655,"y":0.051302358508110049,"z":-0.0451592281460762,"w":0.7488647103309631},"size":47.27527618408203,"orthographic":false}