{"cameraMode":{"drawMode":0,"name":"Shaded","section":"Shading Mode"},"sceneLighting":true,"audioPlay":false,"sceneViewState":{"m_AlwaysRefresh":true,"showFog":false,"showSkybox":true,"showFlares":true,"showImageEffects":true,"showParticleSystems":true,"showVisualEffectGraphs":true,"m_FxEnabled":true},"in2DMode":false,"pivot":{"x":2.2408769130706789,"y":1.619109869003296,"z":0.02650141716003418},"rotation":{"x":0.29991745948791506,"y":-0.1861642599105835,"z":0.059797801077365878,"w":0.9337118864059448},"size":14.144530296325684,"orthographic":false}