{"cameraMode":{"drawMode":0,"name":"Shaded","section":"Shading Mode"},"sceneLighting":true,"audioPlay":false,"sceneViewState":{"m_AlwaysRefresh":false,"showFog":false,"showSkybox":true,"showFlares":true,"showImageEffects":true,"showParticleSystems":true,"showVisualEffectGraphs":true,"m_FxEnabled":true},"in2DMode":false,"pivot":{"x":-0.31188276410102847,"y":1.4865529537200928,"z":2.0705795288085939},"rotation":{"x":0.029161062091588975,"y":-0.1312885582447052,"z":0.003791555529460311,"w":0.9909416437149048},"size":5.413758277893066,"orthographic":false}