{"cameraMode":{"drawMode":0,"name":"Shaded","section":"Shading Mode"},"sceneLighting":true,"audioPlay":false,"sceneViewState":{"m_AlwaysRefresh":false,"showFog":true,"showSkybox":true,"showFlares":true,"showImageEffects":true,"showParticleSystems":true,"showVisualEffectGraphs":true,"m_FxEnabled":true},"in2DMode":false,"pivot":{"x":0.1599999964237213,"y":1.2599999904632569,"z":0.9399999976158142},"rotation":{"x":-0.1103823259472847,"y":0.8694692254066467,"z":-0.22553592920303346,"w":-0.42546069622039797},"size":0.8660253882408142,"orthographic":false}